[
    {
        "id": "${project.parent.artifactId}.app8",
        "description": "Allow Doctor to view a patients family medical history",
        "extensionPoints": [
            {
                "id": "subApp.apps",
                "description": "Apps on the basic Apps App Home Page"
            }
        ],
        "extensions": [
            {
                "id": "${project.parent.artifactId}.appId8",
                "extensionPointId": "patientDashboard.overallActions",
                "type": "link",
                "label": "Family Medical History",
                "url": "module/familymedicalhistory/manage.form",
                "icon": "icon-signin",
                "order": 25,
                "requiredPrivilege": "Task: some random privilege"
            }
 
        ]
    }
]