<?xml version="1.0" encoding="UTF-8"?>
<!DOCTYPE sqldiff PUBLIC "-//OpenMRS//DTD OpenMRS SQL Diff Config 1.0//EN" "http://resources.openmrs.org/doctype/sqldiff-1.0.dtd">

<sqldiff version="1.0">
	<help>
		USE:
			The diffs are ordered by data model version number.
			The script can be run in a top down fashion and is
			expected to not fail or overwrite old data
		
		EXPECT:
			- "use business-database-name;" was called prior to
			   calling this script
	</help>

<!-- 
	<diff>
		<version>1</version>
		<author>MURCSoft</author>
		<date></date>
		<description></description>
		<sql></sql>
	</diff>
 -->
	
</sqldiff>
